<?xml version="1.0" encoding="utf-8"?>
<unattend xmlns="urn:schemas-microsoft-com:unattend">
    <settings pass="specialize">
        <component name="Microsoft-Windows-Shell-Setup" processorArchitecture="amd64" publicKeyToken="31bf3856ad364e35" language="neutral" versionScope="nonSxS" xmlns:wcm="http://schemas.microsoft.com/WMIConfig/2002/State" xmlns:xsi="http://www.w3.org/2001/XMLSchema-instance">
            <ComputerName></ComputerName>
            <CopyProfile>true</CopyProfile>
            <RegisteredOwner>PC-W10-XX</RegisteredOwner>
        </component>
        <component name="Microsoft-Windows-UnattendedJoin" processorArchitecture="amd64" publicKeyToken="31bf3856ad364e35" language="neutral" versionScope="NonSxS" xmlns:wcm="http://schemas.microsoft.com/WMIConfig/2002/State" xmlns:xsi="http://www.w3.org/2001/XMLSchema-instance">
            <Identification>
                <Credentials>
                    <Domain>cleanhouse.adm</Domain>
                    <Password>Test1234</Password>
                    <Username>deploy</Username>
                </Credentials>
                <JoinDomain>cleanhouse.adm</JoinDomain>
            </Identification>
        </component>
    </settings>
    <settings pass="oobeSystem">
        <component name="Microsoft-Windows-International-Core" processorArchitecture="amd64" publicKeyToken="31bf3856ad364e35" language="neutral" versionScope="nonSxS" xmlns:wcm="http://schemas.microsoft.com/WMIConfig/2002/State" xmlns:xsi="http://www.w3.org/2001/XMLSchema-instance">
            <InputLocale>fr-FR</InputLocale>
            <SystemLocale>fr-FR</SystemLocale>
            <UILanguage>fr-FR</UILanguage>
            <UILanguageFallback>fr-FR</UILanguageFallback>
            <UserLocale>fr-FR</UserLocale>
        </component>
        <component name="Microsoft-Windows-Shell-Setup" processorArchitecture="amd64" publicKeyToken="31bf3856ad364e35" language="neutral" versionScope="nonSxS" xmlns:wcm="http://schemas.microsoft.com/WMIConfig/2002/State" xmlns:xsi="http://www.w3.org/2001/XMLSchema-instance">
            <OOBE>
                <HideEULAPage>true</HideEULAPage>
                <HideLocalAccountScreen>true</HideLocalAccountScreen>
                <HideOEMRegistrationScreen>true</HideOEMRegistrationScreen>
                <HideOnlineAccountScreens>true</HideOnlineAccountScreens>
                <HideWirelessSetupInOOBE>true</HideWirelessSetupInOOBE>
                <ProtectYourPC>3</ProtectYourPC>
            </OOBE>
            <UserAccounts>
                <LocalAccounts>
                    <LocalAccount wcm:action="add">
                        <Password>
                            <Value>VABlAHMAdAAxADIAMwA0AFAAYQBzAHMAdwBvAHIAZAA=</Value>
                            <PlainText>false</PlainText>
                        </Password>
                        <Description>Admin</Description>
                        <DisplayName>Admin</DisplayName>
                        <Group>Administrateurs</Group>
                        <Name>Admin</Name>
                    </LocalAccount>
                </LocalAccounts>
            </UserAccounts>
            <TimeZone>Romance Standard Time</TimeZone>
        </component>
    </settings>
    <settings pass="windowsPE">
        <component name="Microsoft-Windows-Setup" processorArchitecture="amd64" publicKeyToken="31bf3856ad364e35" language="neutral" versionScope="nonSxS" xmlns:wcm="http://schemas.microsoft.com/WMIConfig/2002/State" xmlns:xsi="http://www.w3.org/2001/XMLSchema-instance">
            <DiskConfiguration>
                <Disk wcm:action="add">
                    <CreatePartitions>
                        <CreatePartition wcm:action="add">
                            <Order>1</Order>
                            <Type>Primary</Type>
                            <Extend>true</Extend>
                        </CreatePartition>
                    </CreatePartitions>
                    <ModifyPartitions>
                        <ModifyPartition wcm:action="add">
                            <Format>NTFS</Format>
                            <Label>SYSTEM</Label>
                            <Letter>C</Letter>
                            <Order>1</Order>
                            <PartitionID>1</PartitionID>
                        </ModifyPartition>
                    </ModifyPartitions>
                    <DiskID>0</DiskID>
                    <WillWipeDisk>true</WillWipeDisk>
                </Disk>
            </DiskConfiguration>
            <WindowsDeploymentServices>
                <Login>
                    <Credentials>
                        <Domain>cleanhouse.adm</Domain>
                        <Password>Test1234</Password>
                        <Username>administrateur</Username>
                    </Credentials>
                </Login>
                <ImageSelection>
                    <InstallImage>
                        <ImageGroup>INST-W10</ImageGroup>
                        <Filename>mon-image.wim</Filename>
                        <ImageName>mon.image</ImageName>
                    </InstallImage>
                    <InstallTo>
                        <DiskID>0</DiskID>
                        <PartitionID>1</PartitionID>
                    </InstallTo>
                </ImageSelection>
            </WindowsDeploymentServices>
        </component>
        <component name="Microsoft-Windows-International-Core-WinPE" processorArchitecture="amd64" publicKeyToken="31bf3856ad364e35" language="neutral" versionScope="nonSxS" xmlns:wcm="http://schemas.microsoft.com/WMIConfig/2002/State" xmlns:xsi="http://www.w3.org/2001/XMLSchema-instance">
            <InputLocale>fr-FR</InputLocale>
            <SystemLocale>fr-FR</SystemLocale>
            <UILanguage>fr-FR</UILanguage>
            <UserLocale>fr-FR</UserLocale>
        </component>
    </settings>
    <cpi:offlineImage cpi:source="wim://srv-adm-01/reminst/mon-image.wim#mon.image" xmlns:cpi="urn:schemas-microsoft-com:cpi" />
</unattend>
